name,phone,email,city,attendance
Duncan Brown,(817) 753-6193,a@aol.ca,Opole,17
Jelani Camacho,(862) 566-6415,sodales@google.net,Dion-Valmont,41
Lael Wilson,(992) 201-4443,donec.tempor.est@yahoo.couk,Baguio,28
Lars Delgado,1-825-471-5803,ac.feugiat.non@icloud.com,Gifhorn,22
Amber Glover,1-737-783-5518,nisl.arcu@google.edu,Sorsogon City,35
Destiny Gentry,(492) 851-5840,vivamus@outlook.org,Palayan,40
Meredith Keller,1-522-124-1363,mollis.duis@aol.couk,Joliet,6
Yoshi Reese,1-664-225-6143,mattis.ornare@outlook.com,Muzaffarpur,18
Blake Flowers,(290) 647-3496,praesent.interdum.ligula@icloud.org,Murmansk,11
Hyatt Thompson,1-633-658-9812,donec.feugiat@protonmail.couk,Las Vegas,23
Iona Morgan,(753) 923-5835,sed.leo@google.org,Kremenchuk,47
Michael Sloan,1-128-732-8511,sollicitudin.a@icloud.net,Bajaur Agency,27
Ashton Dennis,(723) 376-7786,ut.quam@protonmail.com,Marina South,35
Neville Delaney,1-376-770-5506,nec.ante@outlook.edu,Serangoon,46
Aurora Pickett,(832) 383-2686,nam@google.ca,Dorgali,13
Keiko Cash,(826) 631-3165,enim.nunc@aol.couk,Dnipro,5
Dean Keith,(912) 578-5431,sociosqu.ad.litora@aol.org,Coupar Angus,5
Lance Rowland,1-531-856-3133,magna.a@yahoo.org,Nîmes,11
Hiram Henderson,(633) 985-6735,a@outlook.ca,Avesta,36
Kimberley Aguirre,1-926-912-3829,morbi.metus.vivamus@hotmail.couk,Vologda,24
Hedley Yates,1-954-188-7810,at.egestas@google.edu,Raufoss,16
Alma Navarro,1-666-783-8426,nulla@hotmail.ca,Tortel,47
Carly Saunders,1-174-342-5824,sem.vitae@outlook.couk,Sichuan,10
Derek Kirkland,(385) 577-3314,integer.tincidunt@icloud.edu,Aparecida de Goiânia,28
Laith Singleton,1-431-638-4486,erat.nonummy@aol.com,Simpang,29
Hollee Workman,1-247-971-3133,erat@aol.org,Izmail,40
Xaviera Caldwell,(311) 855-8512,sodales.nisi@aol.com,Tromsø,2
Kyra Farmer,(275) 854-8651,molestie@aol.edu,Gander,5
Finn Montoya,(495) 538-6456,ante.iaculis.nec@outlook.org,Laakirchen,45
Chava Mays,1-859-285-3543,sed.neque@aol.com,Tranås,16
Hasad Peters,1-332-865-3943,nec.leo@hotmail.com,Nives,23
Alma Snyder,(278) 373-6621,lacus.pede.sagittis@yahoo.couk,Tula,38
Candice Branch,(864) 351-8814,aliquam@protonmail.edu,Booischot,6
Thaddeus Duke,1-905-222-0577,egestas.hendrerit@hotmail.net,Karacabey,26
Ulysses Klein,(837) 465-6337,libero.proin.sed@protonmail.com,Mannheim,24
Hiroko Shelton,1-676-173-7877,dui@hotmail.ca,Otukpo,27
Kermit Torres,1-292-828-5876,tempor@google.edu,Melilla,16
Anika Roman,(447) 246-2323,tellus.imperdiet@protonmail.net,Tanjay,1
Kuame Flowers,1-521-653-6364,ultrices.a.auctor@icloud.com,Gorontalo,13
Orla Baxter,1-467-713-4248,vulputate.velit@outlook.org,Dublin,46
Lunea Santana,1-871-467-7830,mauris.blandit@hotmail.net,Suwałki,16
Bo Page,1-246-651-1336,pretium.neque.morbi@aol.org,Camiña,13
Kiara Hebert,1-141-586-3905,tempor.arcu.vestibulum@yahoo.ca,Neu-Ulm,20
Deirdre Harrington,1-498-575-8656,erat.volutpat@yahoo.org,Montague,3
Stuart Singleton,(469) 216-6476,vel.quam@yahoo.couk,Tehuacán,19
Ruby Nolan,1-606-857-9584,molestie.orci.tincidunt@hotmail.com,Cork,32
Bryar Miller,1-546-306-5873,eu@outlook.ca,Saratov,42
Asher Sanchez,(680) 776-4701,imperdiet.dictum@hotmail.edu,Kisi,5
Noah Pierce,(342) 448-0846,nec.ante@yahoo.com,Gboko,33
Zelda Butler,1-887-491-6083,quisque@yahoo.couk,Pacoa,27
Medge Peck,1-674-910-8408,ante.lectus@yahoo.couk,Sete Lagoas,3
Signe Rivas,1-454-295-9381,vel.arcu@icloud.net,Tehuacán,42
Robert Sullivan,1-256-245-6570,non.quam@icloud.ca,Municipal District,26
Jael Santos,1-208-655-7824,duis.at@yahoo.edu,Germiston,43
Tana Bridges,1-772-537-3155,vivamus@google.couk,Logan City,28
Kieran Gill,(230) 762-2151,consectetuer.ipsum.nunc@hotmail.ca,Buguma,10
Lawrence Valenzuela,(356) 891-6756,orci.in@google.net,Canterbury,14
Ezra Mercado,(420) 673-2382,eu@hotmail.edu,Đông Hà,46
Tatyana Petersen,1-544-987-1402,morbi.tristique@hotmail.com,Chilpancingo,12
Breanna Hampton,(892) 308-8140,mollis.lectus.pede@google.net,İskenderun,31
Phyllis Browning,1-365-262-0385,ut.ipsum@outlook.edu,Banjar,40
Felix Osborn,1-745-851-6758,tincidunt.tempus.risus@aol.edu,San Luis Río Colorado,17
Cedric Copeland,(432) 343-1548,id.libero@icloud.org,Tranås,4
Mannix Orr,1-288-942-9871,arcu@aol.edu,Invercargill,40
Kermit Phillips,1-844-620-9652,egestas.a.dui@outlook.net,Pamplona,49
Janna Schroeder,1-618-896-4509,donec.tempus.lorem@protonmail.org,Tomaszów Mazowiecki,48
Boris Johnston,(588) 871-5767,metus.in@yahoo.org,Roosendaal,15
Giacomo Clarke,1-874-845-2242,libero.morbi@aol.couk,Springdale,36
Giacomo Page,(471) 832-8941,ac.tellus@outlook.com,Beijing,9
Micah Pierce,1-437-660-4777,neque.non@outlook.com,Bludenz,40
Madaline Ashley,(477) 695-3243,sit.amet.ultricies@protonmail.couk,Dornbirn,33
Giacomo Bryan,(913) 293-1538,aliquam.rutrum.lorem@aol.ca,Sullana,6
Bruce Lynch,1-560-526-7573,non.leo@icloud.ca,Drammen,37
Raja Patterson,(684) 732-8765,semper.nam@aol.couk,Ningxia,23
Shad Snow,(887) 817-3435,nec.imperdiet.nec@google.couk,Lochranza,11
Daryl Carr,1-549-121-8416,dolor.quam.elementum@protonmail.com,Heide,44
Naomi Jenkins,(151) 658-1832,adipiscing.elit@icloud.org,Phủ Lý,10
Jasper Mayer,1-152-831-2662,vitae.erat@yahoo.ca,Windsor,33
Claire Riddle,(783) 604-4552,ipsum.suspendisse@protonmail.couk,Finspång,8
Natalie Anthony,(574) 176-0371,fermentum.arcu@yahoo.com,Cần Thơ,41
Caldwell Banks,(231) 720-1530,mauris.molestie@hotmail.edu,Mỹ Tho,43
Demetria Macias,(123) 486-4923,ornare.elit@google.com,Ila,11
Dieter Hernandez,(962) 568-3544,sit.amet.ante@hotmail.net,Rionegro,39
Ora Turner,(792) 532-1721,morbi.tristique@protonmail.couk,Vetlanda,17
Dalton Fernandez,1-225-324-2824,ut.eros.non@icloud.couk,Radebeul,27
Noble Carver,1-234-524-5746,phasellus.ornare@yahoo.net,Imphal,23
Zane Norman,1-107-117-8234,ac.sem@google.couk,Dublin,13
Wing Bradley,1-440-755-6433,nunc.risus@aol.com,Balikpapan,10
Scarlet Spence,1-694-756-3145,cursus.vestibulum.mauris@yahoo.edu,Kurram Agency,42
Kathleen Willis,1-513-640-7257,vitae.posuere@icloud.net,Hoorn,35
Ross Ratliff,(595) 854-0257,ac.arcu.nunc@hotmail.ca,Poggio San Marcello,1
Eve Dodson,1-238-312-7805,aenean@outlook.edu,Galway,44
Nichole Harrison,(744) 666-7482,mauris.id@yahoo.com,Yekaterinburg,4
Robert Weber,(180) 517-7134,quis.lectus@outlook.com,Gore,30
Galena York,1-413-556-5005,magna.suspendisse.tristique@icloud.net,Salvador,15
Kirsten Griffith,(346) 296-1231,duis.sit@icloud.couk,Melilla,9
Jeanette Potter,(737) 859-8612,lectus.cum.sociis@protonmail.edu,Livingston,50
Garrett Herman,(379) 643-4854,ut@yahoo.edu,Ourense,31
Grady Riley,1-406-249-6069,est@icloud.net,Ceyhan,13
Hilda Riddle,1-563-234-8159,quisque@yahoo.edu,Hong Kong,22
Amos Spears,(511) 289-1568,gravida.non@outlook.net,Forfar,47
Colleen Pruitt,1-335-663-5748,sed.et@hotmail.ca,Norman Wells,26
Malik Foster,1-682-515-8939,phasellus.vitae.mauris@yahoo.edu,Palu,42
Wesley Buck,1-701-833-6872,class.aptent@google.net,Zaria,11
Libby Wagner,1-820-712-5623,lectus.quis.massa@icloud.couk,Dallas,37
Hu Gates,(220) 275-2572,lacinia.sed@hotmail.net,Deventer,27
Daria Harvey,1-735-766-4564,arcu.vivamus@protonmail.couk,Paya Lebar,9
Tad Durham,(379) 341-8581,vehicula.risus@icloud.edu,Balanga,49
Chloe Barr,1-142-962-1243,a.feugiat.tellus@protonmail.couk,Nonsan,31
Zachary Pace,(116) 314-8902,vel.pede.blandit@outlook.org,Marine Parade,46
Amber Erickson,(357) 454-5785,scelerisque.scelerisque.dui@protonmail.edu,Banda Aceh,5
Hammett Hodges,(192) 380-4585,vitae.sodales@aol.com,Changi,5
Beverly Harvey,1-909-571-1934,tellus@hotmail.net,Vashkivtsi,33
Pearl Whitfield,1-374-486-7674,et.magna@aol.edu,Townsville,22
Ulric Lowery,(658) 382-7312,praesent.interdum@google.org,Alto del Carmen,45
Sigourney Mccall,(864) 999-4103,mollis@hotmail.com,Seletar,13
Zephr Rowe,1-939-820-1814,pede.ac.urna@google.org,Guápiles,8
Karly Boyer,(282) 377-4552,diam.pellentesque@google.org,Boon Lay,35
Allegra Melendez,(284) 277-9814,vel@hotmail.com,Awka,38
Dieter Pugh,(684) 726-4292,suspendisse.aliquet@yahoo.org,Teruel,24
Nita Huber,1-557-331-4492,aliquam.ultrices.iaculis@yahoo.net,Longueville,25
Carl Knapp,(516) 519-5827,proin.vel.arcu@google.com,Pamplona,40
Grace Patterson,1-783-632-4133,fringilla.mi.lacinia@google.net,Minna,43
Lacey Foster,1-657-633-1702,justo.proin@google.edu,Tomsk,37
Harrison Wise,(388) 283-0265,nulla.semper@outlook.edu,Tarakan,31
Alika Curtis,(366) 833-4689,fermentum.metus.aenean@yahoo.com,Daman,33
Kaye Nichols,1-884-884-4752,nullam.velit@icloud.net,Villahermosa,1
Timothy Sharp,(166) 575-6642,erat.eget@icloud.org,Saint-Maur-des-Fossés,22
Colette Moon,1-457-367-7653,aliquam.arcu@aol.edu,Spokane,3
Scarlett Frye,1-436-272-2132,vitae.purus.gravida@outlook.ca,Empangeni,11
Chava Merrill,(118) 773-8838,consectetuer.ipsum@protonmail.ca,Kahramanmaraş,13
Tanya Salas,1-424-475-5684,arcu.vestibulum.ante@google.edu,Wonju,5
Emi Christian,1-878-286-5484,non.cursus@outlook.net,Belfast,28
Chancellor Warner,(672) 516-5188,sed.sapien.nunc@protonmail.couk,Gansu,13
Kenyon Sexton,1-618-360-3677,class.aptent@outlook.couk,Minna,39
Rogan Hawkins,(511) 674-5887,tempor.lorem.eget@google.ca,Bregenz,4
Mikayla Kane,(510) 438-5818,iaculis.enim@yahoo.edu,Central Water Catchment,12
Alice Jacobs,1-484-503-8611,iaculis.quis.pede@protonmail.edu,Celaya,35
Abigail Garza,1-408-214-8544,dolor.fusce@yahoo.org,Divinópolis,18
Ulric Curry,1-763-780-8444,tellus@protonmail.edu,Tân An,11
Abigail Briggs,(723) 592-3947,condimentum.eget@hotmail.net,Blumenau,3
Stuart Simpson,1-350-616-5245,non.bibendum.sed@icloud.ca,Frankenthal,45
Preston Mcdaniel,1-517-545-6421,rhoncus@hotmail.couk,Wonju,34
Desirae Santiago,1-918-844-0586,curabitur.vel@hotmail.com,Almere,1
Elmo Dunlap,1-564-746-3252,mi.enim@hotmail.edu,Mount Gambier,4
Christen Gonzales,1-417-364-1757,fringilla.donec@protonmail.net,Oroquieta,33
Guy Richards,(738) 755-4616,nulla@icloud.com,Gorinchem,35
Octavia Olsen,1-226-844-8267,ligula@yahoo.ca,Kurram Agency,50
Latifah Craig,1-632-320-2189,id.magna@outlook.org,Alajuela,4
Norman Gates,(492) 800-9184,hendrerit.donec@icloud.ca,Oleksandriia,14
Dominic Durham,(684) 433-5018,etiam@google.edu,Vị Thanh,29
Jameson Mosley,(712) 332-0754,sapien.aenean@aol.com,Otukpo,16
Herrod Mays,(654) 778-9087,amet.nulla@icloud.com,Ghanche,9
Fay Mckee,(740) 136-2557,quis.tristique.ac@aol.edu,Nova Kakhovka,22
Leilani Weiss,(323) 926-3650,nisl@protonmail.edu,Facatativá,41
Peter Hale,1-845-215-2680,dolor.quisque@protonmail.com,Calarcá,8
Juliet Jackson,(526) 384-4384,quam.vel.sapien@aol.ca,Logroño,41
Garrison Bruce,(685) 814-6026,ante@outlook.ca,Santander,47
Dale Crosby,1-218-605-2823,in.consequat@protonmail.com,Dangjin,38
Steel Kline,1-527-677-1126,euismod.urna@google.org,Kuşadası,41
Marvin Patel,(714) 786-1364,enim.condimentum@outlook.com,Alcorcón,41
Cyrus Livingston,1-976-318-8748,aliquam.iaculis@protonmail.ca,Bridgend,44
Oren Charles,(630) 616-3163,risus.at.fringilla@google.ca,Schwalbach,29
Ralph Sharpe,1-531-117-1333,lorem@yahoo.org,Heerhugowaard,49
Michelle Wagner,(812) 885-6225,vehicula.pellentesque@hotmail.net,Canberra,22
Colt Brock,(241) 931-2124,turpis.non.enim@icloud.net,La Dorada,5
Joseph Herrera,(177) 744-7454,curabitur.massa.vestibulum@protonmail.com,Caen,22
Leila Herman,1-481-422-0284,egestas@hotmail.ca,Floridablanca,44
Zena Douglas,1-298-278-5298,vulputate.eu@outlook.org,Dortmund,40
Baxter Murray,1-230-811-5724,ante.ipsum.primis@hotmail.net,Rangiora,42
Hunter Walters,(710) 897-4481,posuere.enim@aol.org,Kurgan,4
Paloma Lewis,1-768-513-0892,ullamcorper.eu@protonmail.net,Bandung,9
Sacha Pearson,1-856-276-0786,amet.ante@yahoo.net,Halifax,8
Molly Freeman,1-789-274-6989,fermentum@aol.edu,Hay River,32
Aquila Vazquez,1-288-464-5124,integer@aol.couk,Kallo,33
Callum Whitfield,1-879-317-2138,posuere.cubilia@google.ca,Fort Smith,21
Mercedes Blackburn,(232) 641-8127,mi.lacinia@icloud.edu,Alès,1
Macy Ross,1-237-376-8320,dui.fusce@google.edu,Brevik,3
Doris Huff,(742) 332-2154,lacus.pede@google.com,Cincinnati,13
Todd Carver,1-366-312-8503,orci.tincidunt@hotmail.ca,Sandviken,49
Aretha Hatfield,1-797-782-6138,vivamus.sit@hotmail.couk,Arauca,23
Leigh Brown,(937) 844-4502,porta.elit@aol.couk,Astrakhan,7
Brett Merrill,1-827-527-2323,integer.eu@outlook.org,Mmabatho,37
Orson Payne,1-138-677-7922,purus.duis@google.com,Aizwal,11
Kitra Langley,(205) 751-8326,posuere@google.couk,Pariaman,21
Michael Reed,(696) 762-9115,libero.lacus@google.edu,Singkawang,7
Maryam Colon,(486) 618-2666,suspendisse@aol.couk,Dublin,40
Ella Norton,1-640-491-9631,ac@aol.ca,Benoni,16
Sylvester Cooley,(544) 837-8075,varius@icloud.org,Chernihiv,16
Roanna Frost,(154) 353-3531,duis.at@outlook.edu,Purén,18
Eric Armstrong,(587) 208-3772,quis@outlook.ca,Raj Nandgaon,28
Veda Mercer,(305) 821-4721,semper@outlook.org,Tilff,26
Celeste Abbott,1-196-544-1572,tincidunt.adipiscing.mauris@icloud.edu,Bắc Giang,17
Jelani Cooper,1-747-341-6493,sit.amet@yahoo.org,Garzón,5
Indira Humphrey,(796) 575-7040,libero@hotmail.ca,Simon's Town,8
Austin Nelson,1-773-877-3152,orci@hotmail.couk,Memphis,41
Alyssa Dillon,(533) 650-5415,at.nisi@hotmail.couk,Franeker,17
Urielle Livingston,1-333-716-2903,mauris@icloud.com,Kalush,20
Portia Pace,1-517-282-2621,pede@google.org,Uyo,0
Ignacia Flores,1-303-228-2682,in.aliquet@yahoo.couk,Rangiora,43
Graiden Hooper,1-182-304-4761,tellus.justo@icloud.ca,Woerden,26
Britanney Kidd,1-734-446-4073,ac.mattis@aol.ca,Tuyên Quang,31
Galena Flores,(892) 161-7644,ante.ipsum@aol.org,Barranca,10
Hayes Hooper,1-219-131-2086,magna.duis@hotmail.com,Bergama,24
Blossom Miles,1-382-619-6237,pulvinar.arcu.et@icloud.net,Anglet,38
Gabriel Elliott,(565) 239-3216,gravida.non.sollicitudin@google.ca,Trần Cao,29
Rudyard Richards,1-177-329-0151,arcu.iaculis.enim@protonmail.ca,Palma de Mallorca,8
Leilani Brady,1-855-241-9581,consectetuer.adipiscing.elit@icloud.com,Imus,6
Sheila Bond,1-335-489-5449,donec.tempor.est@protonmail.couk,Kiện Khê,40
Graham Hyde,(177) 544-5785,dis@outlook.edu,Białystok,12
Vance Horne,(238) 617-8713,faucibus.id@google.couk,Körfez,49
Jasper Henderson,(865) 955-6736,lorem.donec@aol.net,Finspång,29
Hanae Moss,(876) 183-6292,in.aliquet@aol.ca,Pamplona,24
Grant Ingram,1-550-345-3561,dolor.nonummy@hotmail.couk,Zona Bananera,32
Tyler Quinn,1-827-416-7430,augue@protonmail.com,Semarang,46
Theodore Boyer,(598) 395-1663,cum.sociis.natoque@protonmail.ca,Ligao,18
Bo Beasley,1-763-193-7435,neque.morbi.quis@aol.org,Tasikmalaya,14
Sybil Harrington,(359) 799-7882,ornare.tortor@yahoo.edu,Warszawa,27
Quamar Crawford,(476) 270-6640,dolor.donec@hotmail.couk,Greater Hobart,44
Edan Murphy,1-243-132-6127,ante.ipsum.primis@outlook.couk,Klerksdorp,16
Calista Petty,1-851-502-9458,aliquam.nisl@icloud.net,Serang,2
Noble Guerra,1-738-623-8666,et@icloud.com,Coronel,33
Garrett Wilder,(571) 582-3762,sociis@outlook.ca,Etterbeek,28
Karina Oliver,1-473-284-9553,mi.ac@google.edu,El Tambo,44
Kimberley French,1-679-366-1411,erat.vitae@yahoo.couk,Palangka Raya,21
Tatiana Bradley,(552) 471-1457,nulla.donec@hotmail.ca,Polokwane,4
Benjamin Curtis,1-643-357-9678,rhoncus.nullam@aol.edu,Tehuacán,18
Zelenia Willis,(716) 756-0717,augue.scelerisque@google.couk,Spoleto,16
Sandra Aguilar,1-638-222-5625,diam@google.ca,Iksan,3
Hop Long,(281) 283-4644,integer@hotmail.couk,Anhui,10
Mannix Buck,(842) 787-2435,fusce@protonmail.edu,Kherson,43
Patience Mcdaniel,1-988-227-1339,orci.ut@outlook.edu,San Chirico Nuovo,14
Clayton Dale,1-517-286-3691,parturient@yahoo.com,Rossignol,2
Sybill Rowe,1-651-580-2446,arcu.imperdiet.ullamcorper@hotmail.net,Armidale,45
Aaron Duke,1-860-587-7212,parturient.montes@outlook.net,Berdiansk,47
Geraldine Lynch,1-257-135-8328,penatibus.et.magnis@yahoo.net,Isabela City,32
Dustin Rice,(369) 861-1263,lacus.nulla@yahoo.com,Kamianets-Podilskyi,2
Nora Lott,(626) 189-9572,tempus.mauris@protonmail.net,Jinju,24
Galvin Sawyer,(874) 478-3344,nunc.sed@google.com,Nonsan,30
Clio Foreman,1-352-331-3836,dis.parturient@icloud.ca,Whitehorse,34
Daria Wiggins,(960) 863-9737,nunc@aol.org,Peralillo,47
Quail Gallegos,(962) 427-1851,enim@icloud.net,Nijmegen,11
Tobias Foster,(166) 414-1663,at.velit@outlook.edu,Kungälv,6
Adam Nunez,(339) 871-5577,augue.scelerisque@aol.org,Cotabato City,28
Aphrodite Ball,1-585-775-1346,dictum@aol.org,Piedras Negras,41
Dylan Mitchell,(563) 255-7846,ultrices.iaculis@google.couk,Onitsha,32
Cullen Guy,1-934-241-4143,orci.ut@aol.com,Nässjö,40
Hanna Franklin,1-411-530-1313,aliquet.diam@hotmail.com,Sangju,12
Kermit Green,1-162-952-3528,eleifend.nec@outlook.net,Qinghai,21
Yvonne Frost,(481) 907-2425,vitae@google.ca,Kharkiv,40
Desiree Heath,1-612-445-3422,lorem.ipsum@aol.edu,Mersin,21
Aphrodite Christian,1-761-518-5241,imperdiet.nec@yahoo.net,Voitsberg,8
Keely Ayers,1-458-213-2136,aliquet.magna@yahoo.net,Canberra,20
Simon Davis,1-314-436-2665,erat.eget.tincidunt@outlook.edu,Tabuk,5
Halee Riddle,1-627-235-1024,euismod.est@google.ca,Oudegem,26
Hyacinth Bowen,1-887-963-2887,augue@aol.ca,New Galloway,25
Lana Kirby,1-713-811-2424,neque.tellus.imperdiet@yahoo.com,Ciudad Valles,20
Blythe Elliott,(858) 850-1036,suspendisse.commodo.tincidunt@google.com,Makassar,12
Mason Chaney,(794) 274-4286,cursus@protonmail.ca,Sudhanoti,34
Jolie Lyons,1-381-863-3233,phasellus@protonmail.net,Värnamo,1
Anika Dudley,1-244-427-4958,fringilla.purus.mauris@hotmail.net,Candon,47
Rose Wiggins,(456) 984-5566,diam.dictum.sapien@google.org,Cork,43
Amy Whitehead,1-611-672-1467,elit@protonmail.net,Tacloban,15
Chiquita Bryant,(648) 740-6813,vel@outlook.couk,Cirebon,43
Kaseem Rivera,1-351-255-5478,aenean.egestas.hendrerit@hotmail.net,Dornbirn,31
Urielle Bell,(357) 481-2897,nonummy.fusce@yahoo.edu,Kurgan,26
Carol Roberson,1-874-439-6262,suscipit.est@aol.com,Notodden,10
Moana Sweeney,(678) 472-1372,iaculis.odio@google.ca,Hồ Chí Minh City,4
Chantale Hartman,1-384-227-8013,arcu.vestibulum@protonmail.ca,Rạch Giá,26
Kieran Vang,(383) 318-9259,auctor.nunc@icloud.ca,Tuyên Quang,35
Kimberly Figueroa,(269) 299-6684,purus.nullam@hotmail.org,Caloundra,22
Jonah Knowles,(133) 669-6311,lacinia@google.org,Judenburg,17
Fredericka Velazquez,1-522-848-4287,lorem.luctus@aol.net,Kotamobagu,6
Philip Hodges,1-354-839-3551,mollis.vitae.posuere@google.com,Cumaribo,1
Britanney Calderon,1-329-671-8555,consectetuer.euismod.est@icloud.couk,Gimcheon,4
Anika Gamble,1-403-351-0114,mauris@hotmail.ca,Melitopol,20
Grace Pena,(942) 343-8021,ut.pharetra.sed@icloud.couk,Helmond,15
Maggie Richards,1-655-624-0202,aenean.eget@google.edu,Santa Coloma de Gramenet,7
Alisa Parker,(829) 359-0414,in.magna@google.ca,Cork,43
Ezekiel Mueller,(570) 376-8279,mi.ac.mattis@protonmail.ca,Cajamarca,39
Tate Vang,(261) 664-5646,egestas.hendrerit@yahoo.edu,Lauro de Freitas,19
Kimberly Fletcher,(726) 516-8028,pharetra.felis.eget@aol.net,Cork,28
Marshall Wade,(795) 771-1895,molestie.tortor@hotmail.ca,Giyani,36
Quyn Spencer,1-378-315-7876,dolor.dolor@yahoo.ca,Sungei Kadut,6
Nasim Tyson,1-824-627-5334,nam.interdum@google.org,Sarpsborg,21
Sarah Heath,1-681-352-8287,egestas@yahoo.org,Upper Hutt,42
Adrian Church,(562) 331-4381,ac@yahoo.edu,Kimberley,30
Nash Craft,1-620-433-2742,eu.augue@google.com,Puntarenas,45
Rhea Coleman,(729) 770-4767,ipsum@yahoo.com,Jeongeup,24
Justin Barron,1-274-275-9588,ipsum.cursus@icloud.org,Talence,17
Brynn Baldwin,1-717-568-8529,metus.facilisis.lorem@protonmail.ca,Secunda,19
Zeus Cabrera,(283) 763-7312,sed.diam@icloud.couk,Vetlanda,16
Mechelle O'brien,(838) 318-9014,ante.iaculis.nec@aol.net,Salihli,37
Mason Bird,(341) 610-8339,adipiscing@icloud.net,Benoni,45
Ignatius Cannon,1-564-655-8464,nulla.facilisis@hotmail.org,Meridian,5
Anika Olson,1-765-765-7714,suspendisse.commodo.tincidunt@icloud.org,La Paz,45
Zane Cook,1-571-813-1018,adipiscing@protonmail.net,Frederikstad,8
Noel Levy,1-377-325-1361,fringilla.purus@icloud.ca,Chernihiv,46
Lana Ferrell,(673) 596-5246,dolor@yahoo.net,Sokoto,11
Chaney Mcgee,1-840-524-2311,cras.vulputate@hotmail.com,Samara,12
Germane Alvarado,(572) 782-6826,placerat.cras@hotmail.ca,Cessnock,11
Hasad Knowles,1-228-386-9159,aliquam.erat@outlook.edu,Pontianak,33
Deacon Dickerson,(927) 562-3387,morbi.tristique@protonmail.org,Contagem,2
Indira Larsen,1-755-230-7244,mi.ac@google.couk,Phan Thiết,0
Bethany Wilkinson,1-878-322-6762,mauris.morbi@yahoo.couk,Okene,9
Sebastian Knox,(525) 388-5578,elit.pellentesque@aol.ca,Santiago,15
Alexis Fletcher,(489) 580-5491,morbi.neque.tellus@outlook.org,Kaduna,43
Maile Frank,1-454-624-9058,malesuada.integer@yahoo.org,Valéncia,10
Josephine Sexton,(453) 836-4366,scelerisque.lorem@protonmail.net,Terme,18
Raven Price,(116) 645-3488,lacus.ut@hotmail.couk,Santa Rosa de Cabal,2
Roth Watson,(892) 796-1658,ornare@icloud.ca,Montecarotto,21
Lani Henson,(886) 627-9325,elit.sed.consequat@yahoo.edu,Brive-la-Gaillarde,0
Susan Pate,(677) 178-9512,natoque@icloud.ca,Ludvika,3
Ryan Humphrey,(525) 824-9324,in@hotmail.com,Hofors,34
Ulric Brown,(963) 169-7644,neque.tellus.imperdiet@hotmail.net,Söke,48
Laith Norton,1-405-788-6361,mi.eleifend.egestas@aol.com,Canberra,10
Tanek Miller,(373) 271-1637,rhoncus.nullam@hotmail.net,Parramatta,25
Wylie Berg,(117) 314-2518,aenean.egestas@yahoo.org,Calama,3
Trevor Harrison,1-888-240-9346,dolor.vitae@protonmail.com,Palmerston,22
Violet Barlow,1-963-814-4032,curabitur.ut@aol.org,Llanelli,21
Christian Fitzgerald,(113) 442-5235,hendrerit.neque@icloud.ca,Minna,13
Lareina Leonard,(372) 321-5251,lobortis.ultrices@outlook.org,Navidad,22
Rhea Burris,(448) 533-2208,augue.id@outlook.com,Chiclayo,1
Jared Watson,1-261-591-1802,ante.lectus@protonmail.edu,Campbellton,3
Daphne Guerra,1-451-223-2377,elit.etiam@hotmail.ca,Mazatlán,15
Hollee Kinney,(626) 232-8178,feugiat.sed@hotmail.ca,Murcia,39
Barbara Hogan,1-881-412-1076,lectus.nullam@aol.ca,Jaén,20
Hanae Sparks,(780) 463-6848,accumsan@hotmail.org,Tianjin,8
Joy Chandler,1-137-831-1265,tellus.nunc@google.ca,La Roche-sur-Yon,21
Maile Potter,1-318-726-6580,amet@outlook.org,La Rochelle,0
Katell Jimenez,1-474-816-2720,a.sollicitudin@protonmail.edu,Sichuan,41
Rhea Collier,(225) 447-6085,quisque.libero@hotmail.com,Zamość,33
Haley Cobb,(361) 219-3428,fermentum.convallis@hotmail.net,İskenderun,18
Blake Britt,1-706-950-3688,nibh@google.com,Warri,24
Carl Newton,1-765-312-8528,et.magna@yahoo.ca,Dublin,11
Emerson Sampson,1-542-737-5135,purus@yahoo.ca,Otukpo,39
Unity Beard,1-674-685-2405,pede.blandit.congue@icloud.ca,Finspång,41
Jeremy Santos,(315) 429-7880,sociis.natoque.penatibus@outlook.org,Tczew,38
Nita Justice,1-413-861-8577,aliquam@aol.ca,Moelv,2
Eliana Henry,1-916-933-6245,orci.lobortis.augue@yahoo.couk,Sengkang,22
Katell Berger,1-772-821-6035,libero.morbi@icloud.net,Huntingdon,43
Duncan Lamb,(255) 797-8919,et@outlook.edu,Orléans,46
Briar Marsh,1-978-324-3846,nulla@protonmail.com,San José,2
Buckminster Campos,(537) 133-7009,cursus.et@outlook.ca,Bergen,23
Hall Page,(226) 777-8946,id@yahoo.edu,Murmansk,39
Ruby Chaney,1-668-114-9659,cursus@hotmail.org,Sint-Lambrechts-Woluwe,21
Wilma Coffey,(933) 168-1611,conubia.nostra@yahoo.com,Bloemfontein,31
Allistair Shannon,(588) 558-2409,sit.amet.lorem@yahoo.org,Valéncia,25
Quyn Gates,(283) 452-2648,urna.nec@outlook.ca,Baltimore,6
Oprah Mcdonald,1-371-805-3653,magnis@hotmail.org,Santiago,34
Chester Schneider,(511) 387-1063,lacinia.at.iaculis@yahoo.edu,Harlingen,10
Quinlan Travis,(743) 568-2167,auctor.velit@google.couk,Qinghai,49
Rae Reed,1-251-566-6950,natoque.penatibus.et@yahoo.net,Đông Hà,23
Abigail Torres,(355) 803-4175,sapien.nunc.pulvinar@outlook.couk,Värnamo,4
Ezra Irwin,1-131-642-7034,mollis.vitae.posuere@outlook.org,Wellington,43
Zeus Watkins,(632) 228-1251,quisque@icloud.com,Changi Bay,13
Chaney Hewitt,1-950-232-2529,in.scelerisque@yahoo.couk,Stjørdalshalsen,0
Cade Peterson,(687) 317-4276,aliquam.arcu@google.org,Ergani,2
Rahim Craig,1-124-801-7683,dictum.cursus@outlook.edu,Luziânia,27
Aurora Fisher,(663) 557-3931,nam.nulla.magna@protonmail.couk,Moelv,34
Tiger Bass,(224) 624-0402,eu.turpis@icloud.net,Çeşme,27
Anika Floyd,(582) 616-7381,ut.nulla@outlook.couk,La Rochelle,19
Dalton English,1-299-771-0256,tellus.faucibus.leo@google.com,Victor Harbor,46
Garrett Bruce,1-858-855-1334,amet.consectetuer.adipiscing@outlook.net,Evesham,20
Chava Bowers,1-388-432-6665,non.sapien.molestie@protonmail.couk,Oberhausen,31
Arthur Harmon,(534) 472-0189,nec.orci.donec@aol.com,Pathankot,27
Garth Flynn,(742) 347-3156,etiam@aol.couk,Linköping,3
Elaine Russo,(322) 442-9755,mattis@outlook.net,Tambov,35
Faith Riddle,1-802-232-3557,tincidunt.nibh.phasellus@protonmail.org,Judenburg,4
Blake Downs,1-340-211-3272,dictum.sapien@aol.com,Soma,13
Macaulay Phelps,1-318-697-8872,risus@aol.couk,Luton,38
Ora Frank,(902) 328-8175,morbi.metus@google.ca,Namsos,15
Wynter Benjamin,1-222-732-5351,amet.nulla.donec@protonmail.ca,Kỳ Sơn,3
Merrill Calhoun,1-473-551-2676,tincidunt.orci.quis@protonmail.com,Puerto Asís,27
Barrett Schroeder,(617) 410-8815,velit.in.aliquet@protonmail.org,Talisay,14
Mercedes Owens,1-201-456-3844,lobortis@hotmail.edu,Gliwice,5
Karina Cain,(670) 101-3511,feugiat.non@hotmail.net,Tarakan,15
Harriet Chapman,(848) 340-7479,ac@outlook.couk,Sibasa,1
Merritt Schultz,(920) 535-7170,semper.erat.in@protonmail.ca,Llanelli,47
Colleen Alvarado,1-823-902-8879,libero.at@protonmail.com,Biggleswade,7
Harrison Clarke,1-987-986-4977,aliquet.magna.a@outlook.org,Moss,19
Dominic Maynard,1-772-310-5922,lectus.pede@aol.net,Auckland,38
Lucius Camacho,1-866-725-2358,erat@outlook.net,Cork,24
Signe Black,(636) 308-0431,arcu.et.pede@outlook.edu,Bikaner,11
Luke Watson,1-873-274-6823,lorem.ipsum@protonmail.org,Satriano di Lucania,34
Ciara Keller,1-627-751-1656,augue.eu.tellus@aol.ca,Panjgur,47
Charlotte Arnold,(831) 626-1434,placerat.orci@outlook.couk,Mount Pearl,13
Constance Ruiz,1-885-603-2256,cras.sed.leo@yahoo.ca,Charsadda,14
Gannon Schneider,(508) 857-2623,in@icloud.ca,Galway,3
Velma Gross,(813) 765-7380,neque.sed@aol.com,Huntly,19
Helen Workman,1-361-252-4825,cum.sociis@aol.org,Braunschweig,33
Kasper Evans,1-578-233-6556,placerat.augue@google.ca,New Glasgow,11
Morgan Johnston,(864) 192-8021,pede.nunc@yahoo.couk,Maiduguri,47
Gay Beach,1-872-977-1977,tempor.arcu.vestibulum@protonmail.org,Balclutha,27
Chelsea House,1-804-564-2711,faucibus.leo@google.com,Palmerston,31
Kibo Delgado,1-262-548-6328,sagittis.augue@yahoo.couk,Cotabato City,29
Summer Powers,(279) 877-2848,eget.metus.eu@google.couk,Lim Chu Kang,45
Cairo Gallegos,(375) 727-6574,enim.gravida@outlook.org,Yopal,45
Lara Chambers,1-430-483-1156,ut@protonmail.net,Vashkivtsi,44
Patience Fernandez,1-883-844-0387,adipiscing.fringilla.porttitor@icloud.com,Narvik,33
Marny Vincent,1-528-205-5652,nec.quam@outlook.net,Colchane,31
Armand Burris,1-477-163-6786,phasellus.fermentum@google.org,Siquirres,11
Evan Maddox,(316) 770-6145,phasellus.nulla.integer@hotmail.org,Pachuca,49
Prescott Mann,(154) 277-6346,erat.vel.pede@aol.com,Jurong East,34
Preston Collier,1-724-246-4326,laoreet.ipsum@aol.com,Novo Hamburgo,45
Carissa Webster,(971) 278-7075,tincidunt@yahoo.edu,Denpasar,8
Maryam Oneil,1-582-385-6689,nonummy.fusce@yahoo.couk,Belfast,44
Lila Lowery,(622) 518-1846,luctus.vulputate@protonmail.org,Bắc Giang,33
Boris Anthony,1-446-835-2664,ligula.aenean@hotmail.edu,Kallang,4
Lana Byrd,(849) 308-8252,euismod@google.org,Perchtoldsdorf,40
Iona Gentry,(762) 421-2116,dis@outlook.couk,Tarma,4
Dylan Maxwell,(774) 889-9982,facilisis.facilisis@icloud.edu,Tirupati,18
Cedric Chavez,(825) 964-2243,diam.sed@outlook.ca,Zhejiang,19
September Swanson,(824) 711-4947,est.ac@aol.org,Oderzo,49
Callum Rivera,1-738-277-8625,malesuada.augue@outlook.net,Nonsan,10
Bradley Petty,(212) 941-3032,interdum.nunc@protonmail.org,Mustafakemalpaşa,2
India Cherry,(396) 697-6391,a@protonmail.org,Angol,28
Genevieve Mcdaniel,1-502-803-4284,hendrerit.a.arcu@google.ca,Tibet,16
Noah Garner,1-268-664-7357,donec.elementum@protonmail.edu,Dunedin,14
Dane Daniels,(330) 386-6861,non.sapien@outlook.ca,Kupang,41
Samson Barton,1-849-458-3607,nonummy.ipsum.non@google.edu,Liberia,26
Coby Hensley,(745) 855-1923,fringilla@aol.org,Banda Aceh,15
Tallulah Nunez,(443) 688-9411,urna.suscipit.nonummy@google.edu,Saalfelden am Steinernen Meer,35
Ira Lancaster,(820) 286-6038,amet.metus@protonmail.ca,Uzhhorod,41
Leslie Wolfe,1-678-532-5261,in.consequat@icloud.ca,Huaraz,48
Julie Willis,1-960-561-3127,proin.sed@icloud.ca,Baracaldo,30
Ali Lowery,1-559-666-1384,suspendisse.sagittis.nullam@google.org,Aguachica,41
Lee Rodriguez,1-414-881-8709,vestibulum.nec@aol.couk,Civo,41
Len Cantrell,(204) 778-6882,convallis@yahoo.edu,Bastia,42
Dominique Schroeder,(232) 346-7240,id.sapien@hotmail.org,Seogwipo,22
Alika Rosa,(528) 627-5446,fusce.dolor.quam@hotmail.org,Casanova Elvo,9
Logan Strickland,1-217-683-3700,arcu.iaculis@protonmail.couk,Inner Mongolia,28
Ramona Dyer,1-332-817-3046,metus.facilisis@hotmail.net,Belfast,22
Harrison Burke,1-604-635-8612,pede.nonummy@aol.org,Gyeongsan,16
Abbot Cross,(637) 790-0457,mollis.phasellus@google.org,Sincelejo,35
Fitzgerald Trujillo,1-378-766-4864,libero@hotmail.com,Allentown,8
Chastity Hubbard,1-227-111-8253,felis.orci@yahoo.net,Great Falls,16
Yeo Dejesus,1-983-821-0342,phasellus.at@aol.edu,Motala,7
Xavier Huff,1-351-325-0811,odio.auctor@google.net,Gressan,7
Fulton Gates,1-665-981-6801,maecenas.libero.est@yahoo.com,Juazeiro,27
Dylan Gross,(307) 767-7140,orci.quis@yahoo.edu,Sangju,29
Nasim Parsons,(866) 618-8694,purus@outlook.com,Anklam,41
Jesse Joseph,(336) 708-6066,mi.fringilla@outlook.org,Shandong,8
Rudyard Vaughan,1-852-695-7354,cras.dictum.ultricies@hotmail.org,María Elena,6
Yuri Kidd,1-384-542-7136,bibendum.fermentum@icloud.com,Voronezh,24
Xander Buckner,(693) 421-4538,mollis.vitae@hotmail.com,Jiangxi,33
Ila Schultz,(281) 643-1584,nisi@aol.net,Dehradun,22
Blythe Rodriguez,(244) 596-6523,mauris.sapien.cursus@protonmail.couk,Nelspruit,23
Vaughan Hampton,1-218-841-6772,vitae.sodales@hotmail.org,Gore,47
Madeson Frank,(321) 720-3542,nunc@outlook.edu,Carmen de Bolivar,2
Nita Witt,1-244-607-6410,cursus.non.egestas@outlook.edu,Barranco Minas,0
Karina Blankenship,(877) 471-2783,fusce@yahoo.org,Penrith,46
Alec Bennett,(786) 188-6347,netus@google.edu,Pöttsching,4
Scarlet Ward,(739) 478-8636,ipsum.sodales.purus@protonmail.com,ZŽtrud-Lumay,32
Nell Rodriguez,(284) 381-4116,amet.orci@hotmail.edu,Cartago,44
Brittany Oneal,1-649-660-0904,tempus.lorem@google.couk,Jayapura,33
Pandora Crawford,1-258-260-8387,tellus.suspendisse@hotmail.edu,Goulburn,48
Reuben Rosario,(124) 376-2133,mauris.aliquam.eu@google.ca,Yurimaguas,24
Quynn Parker,1-344-616-2752,dictum.eleifend@yahoo.edu,Oaxaca,6
Kaitlin Mitchell,1-848-796-3261,sodales.nisi@protonmail.net,Klerksdorp,23
Mia Duran,1-582-246-8221,vitae.diam@protonmail.net,Woerden,11
Levi Patrick,1-775-721-4282,dictum.magna@outlook.ca,Hidalgo del Parral,40
Reed Warner,1-639-233-3134,sapien.imperdiet@yahoo.couk,Ogbomosho,21
Bruno Miles,1-228-476-4430,pharetra.felis.eget@hotmail.org,Ghanche,3
Illana Maxwell,(512) 993-1475,sed.sapien@icloud.ca,Petrolina,47
Tobias Leach,1-629-348-8215,ut.sagittis@yahoo.org,Los Álamos,20
Lawrence Hobbs,(292) 288-6559,porttitor.interdum@yahoo.ca,Itapipoca,40
Amir Grant,1-624-719-7234,suspendisse.aliquet@icloud.couk,Dutse,10
Fiona Valentine,(350) 223-2341,magna.duis.dignissim@outlook.edu,Quintero,33
Brian Hart,(649) 563-6386,urna.nec.luctus@icloud.ca,Oaxaca,46
Marshall Navarro,(218) 273-2016,ultrices@hotmail.edu,Freiberg,39
Ethan Cameron,1-108-834-8946,malesuada@protonmail.edu,Novosibirsk,9
Ira Christensen,(532) 825-8970,cursus.diam.at@hotmail.edu,Kungälv,46
Hamish Hill,1-336-105-8730,erat@outlook.com,Vologda,7
Judith Gilmore,(481) 637-9543,eu.nibh@aol.couk,Dyatkovo,35
Thane Sexton,1-917-923-7876,et.netus.et@yahoo.com,Khyber Agency,26
Amir Lloyd,(860) 976-6251,enim@icloud.net,Siquirres,38
Ima Mack,1-807-657-3937,tristique.neque@icloud.ca,San Francisco,41
Curran Wooten,1-720-652-4513,semper.tellus.id@outlook.net,Palembang,23
Addison Dodson,(642) 546-2888,in.tempus@icloud.edu,Évreux,42
Micah Navarro,1-917-835-0813,tempor.bibendum@yahoo.net,Novoli,30
Mechelle Stanton,(570) 681-4252,mauris.erat@google.edu,Cajamarca,7
Donovan Valdez,(156) 297-2405,enim.etiam@icloud.edu,Minna,9
Chancellor Bryan,1-213-361-2712,duis@icloud.org,South Portland,41
Raven Goff,1-745-831-3593,dolor@outlook.net,Vichy,18
Dora Sweeney,(632) 421-8261,eu.nibh@outlook.net,Battagram,22
Hadley Stevens,(853) 867-8317,fames@google.com,San Marcos,31
Madeline Hoffman,1-787-997-2336,aenean.gravida@protonmail.com,Belfast,28
Denise Lee,(871) 862-4067,fusce@google.com,Ijebu Ode,20
Cyrus Martin,(258) 522-3345,a.purus.duis@yahoo.org,Ziarat,1
Teagan Rosales,1-874-741-6632,mi.eleifend@outlook.couk,Kalisz,5
Octavius Perkins,1-196-546-6486,suspendisse@aol.org,Lagos,32
Britanni Mullins,(562) 688-1146,nibh.dolor.nonummy@hotmail.couk,Jayapura,41
Genevieve Howe,(210) 482-1404,vivamus.sit@protonmail.com,Gasteiz,34
Rhea Perez,1-355-425-8676,sed.eu@icloud.couk,Wadgassen,11
Oscar Potter,(163) 727-3122,tincidunt@outlook.edu,Townsville,27
Lyle Castillo,1-304-483-5748,at.fringilla@yahoo.couk,Calapan,27
Jacob Gilliam,1-544-612-6081,sagittis@icloud.com,Barra do Corda,5
Hayes Delaney,1-475-417-2707,dictum.phasellus.in@yahoo.ca,Belfast,37
Igor Church,1-860-996-6068,orci.luctus.et@aol.com,Columbus,27
